,cantidad,keyword,toxicity
26,22,Mauricio Macri,0.2506692009468585
16,20,River Plate,0.21156022354829457
9,20,Primera,0.22080646918220154
567,17,Selección Argentina,0.24261294980539305
93,17,BCRA,0.17416349743541137
290,17,Inflación,0.2120246624383635
104,16,Dólar hoy,0.18007275954747912
401,16,dólar Argentina,0.1535586794010849
10,15,Superliga,0.24593733484697153
230,14,dólar,0.19741938276292983
600,14,Juegos Olímpicos de la Juventud,0.14674252276724944
106,13,Cristina Kirchner,0.32180836057674445
13,13,Copa Libertadores,0.2430855994403719
92,12,Banco Central Argentina,0.15496869780147715
17,12,Boca Juniors,0.2240942490974244
15,11,Independiente,0.2897300011191032
142,11,Teleshow Internacional,0.19145159911618553
144,10,Israel,0.38151740869929573
27,9,FMI,0.24614496548934645
493,9,Elisa Carrió,0.28252684374427434
61,9,Television,0.25139872788657264
95,8,Guido Sandleris,0.2374878773336217
75,8,Estados Unidos,0.2532544664451333
74,8,China,0.2884115930877552
418,8,Lionel Messi,0.2778989400471666
1,8,Rusia,0.27963547609449535
28,8,Nicolás Dujovne,0.22615978178558907
281,8,AFA,0.23370490442352154
782,7,Pablo Moyano,0.3480870257785949
39,7,Sergio Massa,0.27639893972062907
566,7,Lionel Scaloni,0.2205372377969092
867,7,Arabia Saudita,0.2992822396937264
63,7,Bailando 2018,0.268736185535699
259,7,música,0.23391192074508552
466,6,Laurita Fernández,0.2719456973125634
751,6,Presupuesto 2019,0.30395459014572307
533,6,Ciudad de Buenos Aires,0.21118717179780153
145,6,Palestina,0.460723428359163
514,6,riesgo país Argentina,0.20065543001388886
512,6,acciones bonos dólar Argentina,0.20065543001388886
46,6,Narcotráfico,0.2345424859416209
215,6,River,0.2211716864080557
758,6,Cambiemos,0.29105914010685513
37,6,CGT,0.33799724434828954
11,5,Racing Club,0.28108852496285713
103,5,Banco Central,0.24390524459812957
65,5,Marcelo Tinelli,0.24222483486366989
150,5,Donald Trump,0.34024801825
440,5,Marcelo Gallardo,0.22088292656304626
522,5,Córdoba,0.202705119072691
193,5,ShowMatch,0.27455149901497744
265,5,Lali Espósito,0.301196994879969
24,5,Acuerdo con el FMI,0.2980325936231381
332,5,Francia,0.30031858004361134
79,5,San Lorenzo,0.1910282612794872
91,4,fútbol internacional,0.2905033171858899
128,4,El Trece,0.2442638125851198
923,4,Hugo Moyano,0.316702526027991
827,4,Ley de Alquileres,0.21546597408945378
494,4,Germán Garavano,0.2991106886263749
880,4,Mercado inmobiliario,0.19732971030985993
102,4,Patricia Bullrich,0.2817641069524803
478,4,Juan Martín del Potro,0.11363851813333334
467,4,Nicolas Cabré,0.2485104270884104
396,4,Brasil,0.2244638603041667
33,4,Kirchnerismo,0.2908931986844784
339,4,Superliga Argentina,0.13828534099844722
278,4,Fútbol europeo,0.18974954038396824
21,4,indec,0.16059615087275642
321,4,Canadá,0.24969542009440884
1050,4,dia de la madre,0.13866656525833332
658,4,Alquileres,0.2195348377215477
1008,4,54 Coloquio Idea,0.24124332655914507
178,4,AFIP,0.19491607308175707
231,4,tasas,0.20789847106568146
165,4,Juegos Olímpicos de la Juventud Buenos Aires 2018,0.2616015030052083
1067,4,Jamal Khashoggi,0.3606095891306878
405,4,Recesión,0.22542947890040693
665,4,déficit fiscal,0.19129271555363253
2,4,Vladimir Putin,0.2711354655007184
779,4,leliq,0.14012051420098043
883,3,María Eugenia Vidal,0.23521642086818492
219,3,Copa Argentina,0.1933248538019324
262,3,Mirtha Legrand,0.25100478084488237
407,3,G20ARG,0.21570156288108108
220,3,Guillermo Barros Schelotto,0.23791527784811597
507,3,Rosario Central,0.1939457993018648
252,3,aborto legal,0.36383555901348275
240,3,acoso sexual,0.2971770631733333
233,3,Cuadernos de las coimas K,0.39578591721039497
223,3,Correo Argentino,0.22883780957016486
482,3,aumento de tarifas,0.31532298572260714
490,3,tasas de interés,0.18689999729027115
126,3,Juan Grabois,0.2893124557284334
268,3,Especiales América,0.32965240955244984
419,3,Axel,0.23934111863023502
132,3,Benjamín Vicuña,0.2656924755689103
315,3,España,0.37826266493055555
474,3,Barcelona FC,0.18736688944973545
322,3,economia america,0.2555994496071428
324,3,México,0.30282407646568626
713,3,Reino Unido,0.13942055180288462
958,3,ARA San Juan,0.19341069937352537
108,3,Néstor Kirchner,0.2764233015486506
403,3,Leandro Cuccioli,0.15193530494396038
428,3,Rodrigo Bueno,0.20602192181947884
426,3,El Potro lo mejor del amor,0.2278806236665966
117,3,Feminismo,0.3469406716469377
234,3,Juan Manuel Urtubey,0.363566119690776
101,3,Paro General CGT,0.3015810127408022
781,3,Camioneros,0.38993302544606684
77,3,Copa Sudamericana,0.31649964724358975
578,3,Tragedia de Once,0.2503692015383839
588,3,Alemania,0.43258675
41,3,Anmat,0.1256193961111111
635,3,Jimena Baron,0.28903986615128857
807,3,Mauro Icardi,0.19908302719357826
60,3,Martín Fierro de cable,0.27832620211961673
32,3,Oscar Aguad,0.2321077777665105
606,3,Consumo,0.15297054792109394
799,3,Candelaria Tinelli,0.2963746388612795
56,3,Los Ángeles de la Mañana,0.23794749079722222
48,3,Aerolíneas Argentinas,0.3209479267803175
789,3,Iglesia Católica,0.38355847777096036
51,3,Florencia Peña,0.1879770755805555
653,3,Gerardo Werthein,0.1196994355625
40,3,Christine Lagarde,0.2759775847836449
852,3,trelew,0.31894274639629266
8,3,Belgrano de Córdoba,0.16216149016666667
728,3,CTEP,0.2911193308844031
97,3,Uber,0.2479652894281025
667,2,Cristina Fernández de Kirchner,0.20524398402312352
249,2,Salta,0.33892919293928575
634,2,adopción,0.12041166660753228
243,2,Búsqueda de personas,0.161880488225
698,2,Construcción,0.18919131692500002
323,2,Justin Trudeau,0.280998573125
630,2,Moreno,0.2088604105
325,2,TLCAN,0.280998573125
722,2,Vélez Sarsfield,0.2971770270833333
256,2,rock nacional,0.22836578419178083
704,2,Jair Bolsonaro,0.168299307875
1005,2,Cámara de Diputados,0.29494904602439026
330,2,Ucrania,0.20911744324999998
628,2,Peregrinación a Luján,0.252522266
337,2,Carlos Tévez,0.3425263247826087
705,2,BCRA. Banco Central Argentina,0.17086229702877243
351,2,YPF,0.25298277001650354
354,2,Horacio Rodríguez Larreta,0.19520715344533335
706,2,india,0.272552535
358,2,Curas abusadores,0.4618905732142857
1009,2,Andrés Malamud,0.24240138705876632
311,2,Fito Paéz,0.3916538334023255
754,2,Corrupción,0.26842906120807336
309,2,Mar del Tuyú,0.27597406896875
761,2,cambio climático,0.36873052975
266,2,Adolf Hitler,0.34596987279079605
747,2,Carlos Bilardo,0.27149104753199416
261,2,La Noche de Mirtha,0.32627325651732353
273,2,Relaciones internacionales,0.13488305507152779
276,2,Atlético Tucumán,0.16544069018181817
640,2,Personajes,0.35885704157692305
279,2,Manchester City,0.13734692089333334
730,2,Guillermo Moreno,0.3093497624711462
639,2,entrevista,0.35885704157692305
1035,2,Gerardo Martino,0.2414918953857143
1034,2,Chiqui Tapia,0.2414918953857143
287,2,comercio exterior Argentina,0.19666605189553238
288,2,déficit comercial Argentina,0.1791533452190476
979,2,Sheila Ayala,0.20927886733333334
697,2,Rufina Cabré,0.2971584753020834
1031,2,Primera división,0.3539641505681818
294,2,Rogelio Frigerio,0.21008350443739685
301,2,Mar del Plata,0.23984892959661835
302,2,Rescate,0.20940354169444444
1022,2,Holocausto,0.3228752588852546
791,2,Papa Francisco,0.36337234344215474
388,2,cancer,0.16487348890624998
382,2,Test Infobae,0.28478649403125
452,2,Congreso,0.25162271182669266
908,2,Diego Armando Maradona,0.17813917360779816
569,2,Dorados de Sinaloa,0.14813650131249995
472,2,Hamas,0.3891469300666667
568,2,Diego Maradona,0.34914816004113247
477,2,ATP 500 de Beijing,0.13796803716666667
565,2,Chacho Coudet,0.2551196318654762
557,2,italia,0.24584826428571427
841,2,Soledad Fandiño,0.2926925055535715
484,2,gas,0.251115186589397
552,2,Salud,0.1877663466666667
485,2,Javier Iguacel,0.3368454822612993
843,2,Sindicatos,0.38173615143225803
892,2,Alberto Olmedo,0.21337785554483749
845,2,Test de Rorschach,0.14814667318125002
491,2,volatilidad cambiaria,0.4937451392763158
544,2,Abuso sexual,0.3679407416293801
541,2,Iliana Calabró,0.22689806885714286
884,2,Peronismo,0.24053453164635852
851,2,Encuentro de Mujeres,0.3242188539853481
502,2,Pampita,0.27744129230077347
235,2,Juan Schiaretti,0.3664364837794072
509,2,caída del salario real,0.4971920420367647
510,2,elecciones en brasil,0.421557635
853,2,Carlín Calvo,0.09431238333333333
513,2,ByMA,0.1640033880833333
453,2,Diputados,0.2812686803402299
449,2,Julio De Vido,0.2627902487659092
383,2,100 días para enamorarse,0.30076987578125003
577,2,Corrupción K,0.22847893916666667
959,2,Marta Yáñez,0.19054085744738483
616,2,Luiz Inácio Lula da Silva,0.2923385973978814
857,2,Javier Faroni,0.093912192875
389,2,inmunoterapia,0.16487348890624998
390,2,medicina,0.16487348890624998
391,2,premio Nobel de Medicina,0.16487348890624998
392,2,Suecia,0.16487348890624998
613,2,Marcelo Gullo,0.25098500253355316
612,2,Aumento del gas,0.20422527715178573
804,2,Fede Bal,0.28936837358333334
412,2,Victoria Donda,0.37819220804172426
415,2,Desigualdad de género en Argentina,0.3236115873980263
806,2,Inter,0.22261565225263158
420,2,Carolina Molinari,0.20651013461201922
427,2,Ramiro Bueno,0.2627402146910714
808,2,Wanda Nara,0.2554550125526316
431,2,Ulises Bueno,0.1581762310125
927,2,Corrientes,0.1508041808214286
926,2,Pablo Tonelli,0.287335970754902
812,2,Delfina Pignatiello,0.19488374149999999
439,2,Ariel Holan,0.22288348636393443
591,2,interpol,0.5325585375
589,2,Angela Merkel,0.5005350550000001
444,2,Gremio de Porto Alegre,0.12510279705681818
446,2,G7,0.2587511304333333
602,2,industria Argentina,0.07248044249999999
714,2,Xi Jinping,0.3205111352024887
134,2,Magnolia,0.21861942263461537
54,2,Ramiro Ponce de León,0.2317316986208333
180,2,Adepa,0.5616074531575342
62,2,Anamá Ferreira,0.198072887
181,2,Alfredo Cornejo,0.569367994710145
182,2,Mendoza,0.470910535
57,2,Mariana Brey,0.1895189721958333
55,2,Ángel de Brito,0.3050382253333333
53,2,Poliamor,0.2317316986208333
211,2,Siria,0.3356684235606061
191,2,La Voz Argentina,0.28628739559331656
42,2,Accidente de tránsito,0.30094683921515153
34,2,Máximo Kirchner,0.30847678995475447
29,2,Alejandro Finocchiaro,0.2728771209839606
23,2,supermercados,0.20651462694999995
19,2,Superclásico,0.28654507505720717
1108,2,Claudio Bonadio,0.2916062040131233
69,2,Irán,0.2975922540476191
174,2,Mariano Borinsky,0.1238283705
78,2,Nacional de Uruguay,0.2631672433653846
87,2,Club Atlético Huracán,0.27891692791666667
94,2,Luis Caputo,0.2799729879689692
155,2,Cruzeiro,0.20084102391393444
154,2,Conmebol,0.19236949896739136
153,2,boca,0.2332569398181818
151,2,Jared Kushner,0.3424372575
143,2,Conflicto Israel Palestina,0.41832700522727273
139,2,El Ángel,0.24498781496505379
112,2,Sol Pérez,0.34857884932058825
137,2,Paulo Dybala,0.23147507147891228
121,2,Federico Sturzenegger,0.26143143240459166
1069,2,Turquía,0.331987764494709
133,2,China Suárez,0.1871682509076923
210,2,Premio Nobel,0.08505301083333333
125,2,Elecciones 2019,0.32378854662836437
1071,2,Escuela,0.3193334185125322
216,2,Club Atlético Lanús,0.11695100111111109
227,2,Fondo Monetario Internacional,0.34787101451362784
14,2,Gonzalo Martínez,0.16855403914285716
740,1,Aborto,0.37955369051898774
848,1,manteros,0.3326278429821428
1164,1,Patricio Contreras,0.4251348
1200,1,Carla Quevedo,0.344258378
842,1,Consumo gas,0.11632109799999998
1163,1,Fuerte Apache,0.4251348
844,1,Psicología,0.2091203385625
1162,1,Baltazar Murillo,0.4251348
846,1,Flores,0.3326278429821428
847,1,Gobierno de la Ciudad,0.3326278429821428
849,1,Policía de la Ciudad,0.3326278429821428
1161,1,Alberto Ajaka,0.4251348
850,1,Senegaleses,0.3326278429821428
1160,1,Adrián Caetano,0.4251348
1159,1,Mi hermano es un clon,0.21379078678571425
1158,1,turbulencia,0.2772878940952381
854,1,Carna,0.06446441166666667
855,1,Diego Pérez,0.06446441166666667
856,1,Fabio Cuggini,0.06446441166666667
1157,1,Pilotos,0.2772878940952381
721,1,Ángel Cappa,0.4108990475
720,1,Roberto Abbondanzieri,0.21564038666666666
840,1,Matías Defederico,0.2633795604615385
839,1,Cinthia Fernández,0.2633795604615385
858,1,Benajmin Netanyahu,0.33433073333333335
838,1,Joan Manuel Serrat,0.2568008155909091
1172,1,Emiratos Árabes Unidos,0.18033267
1171,1,autoridad palestina,0.4000436890909091
824,1,Salud reproductiva,0.196967075
724,1,petroleras,0.24258119198952874
825,1,salud sexual,0.196967075
826,1,Inmobiliarias,0.24073140138671875
723,1,devaluación,0.24258119198952874
828,1,Caballito,0.2138225921969697
829,1,choque múltiple,0.2138225921969697
830,1,Subte,0.2138225921969697
1170,1,Aurora,0.4000436890909091
1169,1,Video,0.28393992864705875
1168,1,Luis Miguel,0.28393992864705875
1167,1,Vanesa González,0.4251348
1166,1,Sofía Gala,0.4251348
831,1,accidente,0.19955318830188676
832,1,Autopista Buenos Aires-La Plata,0.19955318830188676
833,1,Choque,0.19955318830188676
834,1,Cementerio de Darwin,0.16947877258000002
835,1,Familiares de Malvinas,0.16947877258000002
836,1,Soldados identificados de Malvinas,0.16947877258000002
837,1,Pablo Melillo,0.103766021725
1165,1,serie Carlos Tevez,0.4251348
1156,1,Porsche,0.2958570572777777
859,1,Franja de Gaza,0.33433073333333335
1201,1,Crímenes imposibles,0.344258378
822,1,La muerte de Alberto Nisman,0.15608707196
877,1,Las Leoncitas,0.16008371776923075
878,1,Acuerdo social,0.2812749313333333
879,1,Desarrollo económico,0.2812749313333333
1148,1,Sindicato de Camioneros,0.3108542506567163
1147,1,PROCELAC,0.3108542506567163
881,1,Pymes,0.20969021583333336
718,1,JJOO,0.12864087
882,1,"Eduardo ""Lalo"" Creus",0.23520235838095238
1146,1,Club Independiente,0.3108542506567163
1145,1,Causas judiciales,0.3108542506567163
885,1,Ni Una Menos,0.30839053121818183
886,1,Jardín de Infantes,0.32317968629411764
887,1,Maltrato infantil,0.32317968629411764
717,1,agenda,0.12864087
716,1,diésel,0.29669014
1144,1,Impuestos,0.123921612325641
888,1,San Isidro,0.32317968629411764
715,1,Berlín,0.29669014
1143,1,ajuste del gasto,0.123921612325641
1142,1,Acuerdo II con el FMI,0.123921612325641
889,1,Monseñor Oscar Arnulfo Romero,0.3201350307916667
890,1,Pablo VI,0.3201350307916667
891,1,Religión,0.3201350307916667
1149,1,UIF,0.3108542506567163
876,1,Hockey femenino,0.16008371776923075
1150,1,Intendentes bonaerenses,0.41726164050000003
868,1,Bavaria,0.74234444
860,1,Hungría,0.3162363397894737
861,1,Sin techo,0.3162363397894737
862,1,Viktor Orban,0.3162363397894737
1202,1,Soledad Pastorutti,0.30500308666666665
863,1,Badri Patarkatsishvili,0.2899396028362068
864,1,Boris Berezovsky,0.2899396028362068
865,1,Inglaterra,0.2899396028362068
866,1,Nikolai Glushkov,0.2899396028362068
1155,1,Luis Majul,0.32081720631506844
1154,1,Puente,0.35401890806666664
869,1,César Menotti,0.2826339923165137
1151,1,Intendentes del PJ,0.41726164050000003
870,1,Jorge Sampaoli,0.2826339923165137
1203,1,costillas,0.3319588605679805
871,1,Selección de Argentina,0.2826339923165137
872,1,alejandro chori dominguez,0.096770853
873,1,Chori Domínguez,0.096770853
874,1,David Nalbandian,0.26598513375
1153,1,juan b. justo,0.35401890806666664
1152,1,Cortes,0.35401890806666664
719,1,Martín Palermo,0.21564038666666666
875,1,Rally Argentina 2018,0.26598513375
823,1,Ley de educación sexual,0.196967075
820,1,bandas cambiarias,0.034553352999999995
821,1,Diego Lagomarsino,0.15608707196
1186,1,Inmigración,0.3952797330588235
764,1,Nequi Galotti,0.334804528
735,1,Gabriela Michetti,0.06871937733333333
765,1,Delito,0.08037808
766,1,Malasia,0.08037808
767,1,pena de muerte,0.08037808
768,1,Asia,0.19863188
769,1,Bolsas,0.19863188
770,1,Hang Seng,0.19863188
771,1,Mercados,0.19863188
772,1,Nikkei,0.19863188
773,1,Wall Street,0.19863188
774,1,Marine Le Pen,0.18256189
775,1,amor a primera vista,0.12393895371428573
776,1,Pity Martínez,0.12393895371428573
1191,1,Puente Juan B. Justo,0.68501421
1190,1,avenida córdoba,0.68501421
777,1,Chiristine Lagarde,0.24654481405645165
778,1,Deuda,0.1717296708181818
1189,1,enfrentamiento,0.23919510298481017
734,1,Cueva Tailandia,0.06871937733333333
1188,1,Boulogne,0.23919510298481017
780,1,Pyme,0.15316785500000002
1187,1,banda narco,0.23919510298481017
763,1,Pamela David,0.2885944993770491
762,1,Mercado Libre,0.24020575933163282
1192,1,Avellaneda,0.32873321123125016
750,1,Transporte,0.13942337
742,1,#MeToo,0.24930865
743,1,Bollywood,0.24930865
744,1,Hollywood,0.24930865
745,1,Masters 1000 de Shanghai,0.05148923
746,1,Lisandro López,0.077444065
739,1,turismo,0.10328971133333335
738,1,Santa Cruz,0.10328971133333335
737,1,Fundación Flora y Fauna,0.10328971133333335
748,1,Diego Latorre,0.26034810274747466
749,1,Oscar Ruggeri,0.26034810274747466
1196,1,Asociación Marianne,0.2833603058965518
1193,1,Día de la Lealtad,0.32873321123125016
752,1,Aumento retroactivo del gas,0.28972876323076924
753,1,Netflix,0.2722779926452228
1195,1,Marcha peronista,0.32873321123125016
736,1,Cueva de las Manos,0.10328971133333335
1194,1,Jorge Ferraresi,0.32873321123125016
755,1,felipe miguel,0.22709627659259254
756,1,Martín Ocampo,0.22709627659259254
757,1,Silvana Giudice,0.22709627659259254
759,1,incendio forestal,0.120690929
760,1,Acuerdo de París,0.6208710999999999
733,1,Leo Messi,0.2974739718125
1185,1,Sandleris,0.24759003899999998
741,1,Hospital Rivadavia,0.37955369051898774
783,1,Buenos Aires design,0.3477486072941177
727,1,cartoneros,0.22036027392857147
726,1,Aumento paritario,0.22036027392857147
725,1,Consumo masivo,0.09053554
805,1,Sugar,0.23447836916666667
1179,1,Príncipe Mohamed bin Salman,0.18033267
1178,1,Primavera Árabe,0.18033267
1141,1,déficit fiscal Argentina,0.1774963197931034
1176,1,Mohamed Mursi,0.18033267
1198,1,Intratables,0.439335876607595
809,1,Fernando Niembro,0.35086132133720926
810,1,Monumental,0.18155435316811602
811,1,"River Plate', ""Rodolfo D'Onofrio",0.18155435316811602
1199,1,Santiago del Moro,0.439335876607595
813,1,natación,0.1809942055
1175,1,Hosni Mubarak,0.18033267
814,1,Parque Olimpico,0.1809942055
1174,1,Hermandad Musulmana,0.18033267
1173,1,General Abdel-Fattah El-Sisi,0.18033267
815,1,competitividad,0.16384740516811605
816,1,exportaciones,0.16384740516811605
817,1,retenciones,0.16384740516811605
818,1,tipo de cambio real,0.16384740516811605
819,1,presupuesto,0.20080077833333332
1180,1,Gremio,0.18965115423700002
803,1,Mery del Cerro,0.2004517812
802,1,Emilia Attías,0.2004517812
793,1,Abuso sexual infantil,0.020036254
1184,1,Plazo fijo,0.24759003899999998
784,1,Hipódromo de Palermo,0.3477486072941177
785,1,Legislatura porteña,0.3477486072941177
786,1,retiro,0.3477486072941177
787,1,villa 31,0.3477486072941177
788,1,Ave María,0.4066096560926427
1183,1,¿Cómo está hoy la nena de la famosa publicidad de mayonesa?,0.24759003899999998
790,1,Madres de Plaza de Mayo,0.4066096560926427
1182,1,José Varacka,0.10389939065909091
792,1,Carolina Stanley,0.20326070555696216
794,1,Senado,0.020036254
1181,1,Matías Kranevitter,0.2661861290454546
732,1,Cirque du Soleil,0.2974739718125
795,1,Fiesta de la Vendimia,0.23578180153846157
796,1,mujeres trans,0.23578180153846157
731,1,Roberto Navarro,0.33497282461964284
1197,1,Diego Brancatelli,0.439335876607595
797,1,Ley de alimentos,0.357075435
798,1,Miranda,0.357075435
729,1,Eduardo Macchiavell,0.22036027392857147
800,1,Candela Vetrano,0.2004517812
801,1,casi angeles,0.2004517812
1177,1,monarquía saudita,0.18033267
1068,1,Rey Salman bin Abdulaziz Al Saud,0.3575425937037038
1140,1,Gas natural,0.286709944
1007,1,Hebe de Bonafini,0.31821905922727267
1100,1,Compraventa de inmuebles,0.16413080741379313
1099,1,ventas minoristas,0.07343425633333332
1098,1,comercios,0.07343425633333332
1097,1,CAME,0.07343425633333332
1096,1,Ironman,0.12965861
1010,1,Dulce Santiago,0.24798442710344826
1011,1,Maria Esperanza Casullo,0.24798442710344826
1012,1,Santiago Kovadloff,0.24798442710344826
1013,1,Sergio Berenztein,0.24798442710344826
1095,1,Salomé Di Iorio,0.2778922935
1014,1,Darío Sztajnszrajber,0.21207522378571428
1015,1,Canal 9,0.2164933238604652
1016,1,secretaría de trabajo,0.2164933238604652
1094,1,Club Huracán,0.14314309842857145
1017,1,Asalto,0.18146590166666665
1093,1,Mauricio Pochettino,0.2836542602
1018,1,Gerli,0.18146590166666665
1019,1,infarto,0.18146590166666665
1020,1,Centro Simon Wiesenthal,0.3507844398587445
1021,1,DAIA,0.3507844398587445
1092,1,Diego Simeone,0.2836542602
1023,1,alex rodriguez,0.20634675781818185
1091,1,Recep Tayyip Erdogan,0.3064329352857143
1090,1,Salman bin Abdulaziz,0.43865317666666664
1024,1,fotógrafo,0.20634675781818185
1101,1,metro cuadrado,0.16413080741379313
1006,1,Consenso Fiscal,0.3109097
893,1,Borges y Álvarez,0.2685942694720279
1102,1,precio propiedades,0.16413080741379313
983,1,ciudades caminables,0.2676400283636364
985,1,Broadway League,0.057967275
986,1,Diego Kolankowsky,0.057967275
987,1,brava tour,0.35720782392408756
988,1,El Marginal,0.29923442
989,1,El Recluso,0.29923442
990,1,Ignacio Serricchio,0.29923442
991,1,Emmanuel Macron,0.3076019990909091
992,1,Fertilidad,0.3076019990909091
993,1,maternidad,0.3076019990909091
994,1,Mujer,0.3076019990909091
995,1,Thomas Bach,0.042960604
996,1,IPC Congreso,0.11889022
997,1,emisión,0.2107563275704698
998,1,inflación mayorista,0.18427794385000001
1106,1,inversiones energética,0.24288234077777776
999,1,Acuerdo Bilateral Limítrofe de 1998,0.3568330244835821
1105,1,Gasto público,0.24288234077777776
1000,1,Hielos Continentales,0.3568330244835821
1001,1,Inventario Nacional de Glaciares,0.3568330244835821
1002,1,Límites con Chile,0.3568330244835821
1003,1,Queja a la Cancillería,0.3568330244835821
1104,1,costo social,0.24288234077777776
1004,1,Bienes Personales,0.3109097
1103,1,Ajuste fiscal,0.24288234077777776
1025,1,Jennifer Lopez,0.20634675781818185
1026,1,Los Ángeles,0.20634675781818185
1027,1,Adrián Suar,0.14242135
1028,1,House of Cards,0.14242135
1048,1,SIP,0.2885310412236024
1049,1,Sociedad Interamericana de Prensa,0.2885310412236024
1077,1,Resultados fiscales,0.13571849149999998
1076,1,ministerio de Hacienda,0.13571849149999998
1075,1,real estate,0.15225800074074078
1074,1,Construcción Argentina,0.15225800074074078
1051,1,test y trivias,0.3291776232
1052,1,trivias,0.3291776232
1073,1,fútbol mexicano,0.009879748
1053,1,Ministerio de Trabajo,0.24270839613432846
1054,1,cv,0.4687704475
1055,1,Twitter,0.4687704475
1072,1,Violencia escolar,0.3099336257938143
1056,1,Calu Rivero,0.2979689171176471
1057,1,Campanas en la noche,0.2979689171176471
1058,1,Eliseo Barrionuevo,0.2979689171176471
1059,1,Brexit,0.0891054
1060,1,Europa,0.0891054
1061,1,Londres,0.0891054
1062,1,Unión Europea,0.0891054
1063,1,Afganistán,0.200316645
1064,1,ataques terroristas,0.200316645
1070,1,adolescentes,0.3099336257938143
1065,1,Elecciones en Afganistán,0.200316645
1066,1,talibanes,0.200316645
1078,1,Timbreo,0.3498888641025642
1047,1,Populismo,0.2885310412236024
1079,1,Bloque Justicialista,0.24586670491176466
1036,1,Cristiano Ronaldo,0.22948287239999995
1029,1,Pol-ka,0.14242135
1089,1,Mohammed bin Salman,0.43865317666666664
1030,1,Colón,0.340912526
1088,1,ecoparque porteño,0.2800721174375
1032,1,Gimnasia de La Plata,0.1346799
1087,1,Ecoparque,0.2800721174375
1033,1,Vélez,0.1346799
1086,1,Pronóstico,0.090836425
1085,1,Unión Cívica Radical,0.33633828942029
1084,1,Movimientos sociales,0.33633828942029
1083,1,José Cano,0.33633828942029
1037,1,Gonzalo Higuaín,0.22948287239999995
1046,1,Guido Antonini Wilson,0.18476578999999999
1038,1,Milan,0.22948287239999995
1082,1,CCC,0.33633828942029
1039,1,Serie A,0.22948287239999995
1040,1,Operativo Sapucay,0.1287652575
1081,1,Barrios de Pie,0.33633828942029
1041,1,Alejandro Collia,0.3118672605238095
1042,1,Daniel Scioli,0.3118672605238095
1080,1,Pablo Kosiner,0.24586670491176466
1043,1,Cámara Federal de Casación Penal,0.38113981
1044,1,Crimen organizado,0.38113981
1045,1,gustavo hornos,0.38113981
1107,1,Carlos Rosenkrantz,0.2680953083333334
982,1,Ciudad,0.2676400283636364
981,1,buenos aires camina,0.2676400283636364
1125,1,Javier Olmedo,0.15816144161764706
917,1,déficit cero,0.2561587707278478
1133,1,puente Hong Kong-Zhuhai-Macao,0.2654067284074074
918,1,Trevor Alleyne,0.2561587707278478
919,1,Trevor Allyne,0.2561587707278478
920,1,salario real,0.1963902378125
1132,1,Hong Kong,0.2654067284074074
921,1,servicios públicos,0.1963902378125
922,1,Tarifas de servicios,0.1963902378125
1131,1,segunda guerra mundial,0.2949660779117647
1130,1,Robert Faurisson,0.2949660779117647
1129,1,Scott Morrison,0.33249765
924,1,Luis Carzoglio,0.30553212552269504
925,1,Pablo Bebote Álvarez,0.30553212552269504
1128,1,australia,0.33249765
928,1,meteorito,0.17284310414285717
929,1,Misiones,0.17284310414285717
930,1,12 de octubre,0.2948871249240508
931,1,Día de la Hispanidad,0.2948871249240508
932,1,Leyenda negra,0.2948871249240508
1127,1,Abuso sexual en la Iglesia,0.33249765
933,1,Caso Santiago Maldonado,0.3901893108412699
934,1,conficto mapuche,0.3901893108412699
935,1,Encuentro Nacional de Mujeres,0.3200980718421052
936,1,Carlos Calvo,0.12335997408333334
937,1,Peter Lanzani,0.24301090333333333
916,1,nazareno sasia,0.046339812800000005
1134,1,Adnan Ghaith,0.5867791
915,1,Sofía Acevedo,0.16201933335000002
902,1,ébola,0.14706011000000002
1139,1,Exportación de gas natural,0.286709944
894,1,Javier Portales,0.2685942694720279
895,1,"""La China"" Suárez",0.2633541246538461
896,1,Rufina,0.2633541246538461
1138,1,Chile,0.286709944
897,1,Griselda Siciliani,0.4100611249999999
898,1,Gastón Soffritti,0.3817171425
899,1,Simona,0.3817171425
1137,1,Marcos Senesi,0.15511297000000002
900,1,Stefanía Roitman,0.3817171425
901,1,Congo,0.14706011000000002
903,1,samaria,0.1986222762
914,1,medalla de bronce,0.16201933335000002
1136,1,Barcelona,0.15511297000000002
904,1,Casa Real Británica,0.08341371806249999
905,1,Meghan Markle,0.08341371806249999
906,1,Príncipe Harry,0.08341371806249999
907,1,Yang Kaili,0.005974821
1135,1,Jihad Faqih,0.5867791
909,1,Nicolás Otamendi,0.18345500666666667
910,1,Los Pumitas 7s,0.26887473276923085
911,1,Rugby,0.26887473276923085
912,1,rugby seven,0.26887473276923085
913,1,basquet,0.16201933335000002
1126,1,Abuso sexual de menores,0.33249765
1124,1,Fernando Olmedo,0.15816144161764706
980,1,incendio,0.2121547625348836
938,1,Un gallo para Esculapio,0.24301090333333333
1112,1,submarinos,0.19915038322580642
956,1,metas presupuestarias,0.25231367883333344
957,1,Pérdida de poder adquisitivo,0.21688184407352945
1111,1,Rescates de submarinos,0.19915038322580642
1110,1,Susana Malcorra,0.27728633231250005
1109,1,Guillermo Lipera,0.2680953083333334
960,1,Dante sica,0.3193087558486842
961,1,Jubilaciones,0.26902085458536595
962,1,pensiones,0.26902085458536595
963,1,Pipo Cipollati,0.26902085458536595
964,1,policía federal argentina,0.26902085458536595
965,1,parque sarmiento,0.2436067009090909
966,1,Brian Arregui,0.04190674925
967,1,Fondo Monetario,0.22802700367567566
968,1,ajuste por inflación,0.2179417957305019
969,1,Abusos sexuales,0.3088450906530612
970,1,Gustavo Melella,0.3088450906530612
971,1,Río Grande,0.3088450906530612
972,1,Tierra del Fuego,0.3088450906530612
973,1,Código electoral porteño,0.01896494
974,1,Felipe Solá,0.31775723194638544
975,1,Libres del Sur,0.31775723194638544
976,1,Hospital ‘Mariano y Luciano de la Vega’,0.23438296
977,1,desaparición,0.11355464800000001
978,1,recompensa,0.11355464800000001
1113,1,adopción niños grandes,0.13502478842682927
1114,1,Andrea Rincón,0.24430297214285715
1115,1,Sebastián Ortega,0.24430297214285715
1120,1,Maluma,0.28980243337499995
939,1,Natalia Denegri,0.16849009147435903
1123,1,Never Be The Same,0.2172704749090909
940,1,premios emmy,0.16849009147435903
941,1,Andrea del Boca,0.34904259448780484
1122,1,directv arena,0.2172704749090909
942,1,Mamá corazón,0.34904259448780484
943,1,Denise Dumas,0.33275052988000003
944,1,José María Listorti,0.33275052988000003
945,1,cannabis,0.272702295
1121,1,Camila Cabello,0.2172704749090909
946,1,marihuana,0.272702295
947,1,arqueología,0.25872567
1116,1,TNT,0.24430297214285715
1119,1,look,0.28980243337499995
948,1,cementerio marino,0.25872567
1118,1,Fotos,0.28980243337499995
949,1,Grecia,0.25872567
950,1,Neymar,0.398941467246154
951,1,Selección de Brasil,0.398941467246154
952,1,Sevilla FC,0.12382421433333335
1117,1,Un gallo para Esculapio 2,0.24430297214285715
953,1,Argentina Brasil,0.27615672799999996
954,1,Alquiler,0.21753970358490568
955,1,Acuerdo con FMI,0.25231367883333344
984,1,paula bisiau,0.2676400283636364
0,1,Alexei Navalny,0.36256202800000004
712,1,opioides,0.2457425373461539
258,1,Kiss,0.020050134499999997
263,1,PH Podemos Hablar,0.3205876524666666
264,1,Acusada,0.37397945936666666
267,1,Dictadores,0.29189605649068306
269,1,Josef Stalin,0.29189605649068306
270,1,Mao Zedong,0.29189605649068306
271,1,Mapuches,0.06268323
272,1,ONG,0.06268323
274,1,Argentinos Juniors,0.31125527579999995
275,1,Racing,0.31125527579999995
277,1,Brighton And Hove,0.09123883512
280,1,Premier League,0.09123883512
282,1,Crisis económica,0.06426994
283,1,encuesta,0.06426994
284,1,expectativas,0.06426994
285,1,Vacaciones,0.06426994
286,1,viajes,0.06426994
289,1,Exportaciones Argentina,0.20415070938095234
291,1,Política Monetaria,0.23111725488480994
292,1,aumento de naftas,0.08988236666666667
293,1,Axion,0.08988236666666667
295,1,Fraude electoral,0.23927624796330285
296,1,San Luis,0.23927624796330285
297,1,Entre Ríos,0.219833265
298,1,Paraná,0.219833265
299,1,Sergio Varisco,0.219833265
300,1,Coca Cola,0.30443606733333334
303,1,surfistas,0.1630384298888889
260,1,Andy Kusnetzoff,0.3205876524666666
257,1,Verdades afiladas,0.09520150100000001
209,1,medalla,0.07956904
255,1,Andrés Calamaro,0.09520150100000001
213,1,Sudáfrica,0.169035035
214,1,Día del Hincha de River,0.25349902171929833
217,1,Lanús,0.12391744738888888
218,1,Tigre,0.2462626182307692
221,1,Daniel Angelici,0.26104198224
222,1,Compras puerta a puerta,0.19756568571219502
224,1,Courier,0.19756568571219502
225,1,eCommerce,0.19756568571219502
226,1,Economía,0.3764332731785715
228,1,Justicia,0.3764332731785715
229,1,Bancos,0.25406378378571426
232,1,Carlos Stornelli,0.614532388888889
236,1,Miguel Ángel Pichetto,0.34817624763798194
237,1,Desafuero de Cristina Kirchner,0.3846967199208325
238,1,Miguel Pichetto,0.3846967199208325
239,1,abuso,0.3464261195199999
241,1,kiosquera,0.3464261195199999
242,1,Lomas del Mirador,0.3464261195199999
244,1,Gendarmería Nacional,0.25392763945
245,1,Humahuaca,0.25392763945
246,1,Iruya,0.25392763945
247,1,Jujuy,0.25392763945
248,1,Mathieu Martin,0.25392763945
250,1,casamiento,0.059239823999999996
251,1,Provincia de Buenos Aires,0.059239823999999996
253,1,Buenos Aires,0.4035624553032787
254,1,marcha,0.4035624553032787
304,1,tormenta,0.1630384298888889
305,1,Hospital Moyano,0.16767128920000002
306,1,lluvias,0.16767128920000002
307,1,Metrogas,0.16767128920000002
350,1,precio de los combustibles,0.2633843480434783
352,1,Juan Carlos Schmid,0.29131028486792465
353,1,Emilio Monzó,0.1934472318906667
355,1,Ricardo Lopez Murphy,0.1934472318906667
356,1,Ballena,0.2557686535
357,1,ballena encallada,0.2557686535
359,1,Horacio Corbacho,0.4998504
360,1,Instituto Próvolo,0.4998504
361,1,Nicola Corradi,0.4998504
362,1,Cande Tinelli,0.36991634079661034
363,1,Instagram,0.36991634079661034
364,1,tatuajes,0.36991634079661034
365,1,embarazo,0.23157268699999997
366,1,polo,0.23157268699999997
367,1,Sebastián Estevanez,0.23157268699999997
368,1,Sol Estevanez,0.23157268699999997
369,1,Adam Sandler,0.13106275
370,1,Billie Joe Armstrong,0.13106275
371,1,David Bisbal,0.13106275
372,1,Elvis Presley,0.13106275
373,1,Kelsey Grammer,0.13106275
374,1,Matt Damon,0.13106275
375,1,Nicolas Cage,0.13106275
376,1,Patrick Dempsey,0.13106275
377,1,ringo starr,0.13106275
378,1,Juan Carlos Calabró,0.1004678295
379,1,Julián Weich,0.1004678295
349,1,Gasoil,0.2633843480434783
348,1,aumento de la nafta,0.2633843480434783
347,1,Huracán,0.10928267300000001
328,1,Donetsk,0.289481479
308,1,ballena jorobada,0.29617948443750003
310,1,artista,0.373038975
312,1,Aníbal Fernández,0.4102686918046511
313,1,Cine,0.39120790791666665
314,1,Darío Grandinetti,0.39120790791666665
316,1,Festival de Cine de San Sebastián,0.39120790791666665
317,1,¿Dónde están los ladrones?,0.22119392013333333
318,1,Pies descalzos,0.22119392013333333
319,1,Shakira,0.22119392013333333
320,1,acuerdo comercial,0.30358915075
326,1,Guerra civil en Siria,0.3590834004545455
327,1,Idlib,0.3590834004545455
329,1,Separatistas prorrusos,0.289481479
346,1,Rocky Marciano,0.17160963899999998
331,1,Crisis en Venezuela,0.473022802
333,1,Venezuela,0.473022802
334,1,Cataluña,0.361862944375
335,1,Independentismo catalán,0.361862944375
336,1,Mossos dEsquadra,0.361862944375
338,1,Juan Román Riquelme,0.25991784956521746
340,1,Carlos Monzón,0.17160963899999998
341,1,Jack Dempsey,0.17160963899999998
342,1,Julio César Chavez,0.17160963899999998
343,1,Manny Pacquiao,0.17160963899999998
344,1,Mano de Piedra Duran,0.17160963899999998
345,1,Óscar de la Hoya,0.17160963899999998
212,1,dinosaurio,0.169035035
208,1,Reina Isabel,0.4251348
381,1,Osvaldo Laport,0.1004678295
71,1,Marte,0.0726162248888889
73,1,Armas,0.280613890631579
76,1,taiwán,0.280613890631579
80,1,Gonzalo Bergessio,0.304972939
81,1,diosa deporte,0.28946377881818175
82,1,diosa deportes,0.28946377881818175
83,1,diosas deporte,0.28946377881818175
84,1,diosas deportes,0.28946377881818175
85,1,Ezequiel Garay,0.28946377881818175
86,1,Tamara Gorro,0.28946377881818175
88,1,Guido Herrera,0.14693480833333336
89,1,Marcos Díaz,0.14693480833333336
90,1,Emiliano Rigoni,0.2190860875
96,1,Tormenta economica,0.3158283065679014
98,1,Uber Argentina,0.3158283065679014
99,1,Verónica Rappoport,0.23237644181250008
100,1,Román Lejtman,0.2998177008253968
105,1,Carlos Menem,0.24705165819844357
107,1,Fernando de la Rúa,0.24705165819844357
109,1,karina Jelinek,0.4234237465
110,1,Luciana Salazar,0.4234237465
111,1,Silvina Luna,0.4234237465
113,1,Debora Perez Volpin,0.21776014455555553
114,1,Sergio Lapegüe,0.21776014455555553
115,1,Discurso,0.3266298272916667
116,1,politica,0.3266298272916667
118,1,Manspreading,0.3752236597985438
119,1,Milton Casco,0.16829143
72,1,NASA,0.0726162248888889
70,1,explorador Opportunity,0.0726162248888889
207,1,realeza britânica,0.4251348
68,1,Hassan Rohani,0.28293106142857144
3,1,casamiento gay real,0.22628525325
4,1,casamiento real,0.22628525325
5,1,James Coyle,0.22628525325
6,1,Lord Ivar Mountbatten,0.22628525325
7,1,Aldosivi,0.15811571000000002
12,1,Unión de Santa Fe,0.49498023733333335
18,1,El VAR de Infobae,0.24280423933333334
20,1,Gonzalito Rodriguez,0.33028591078108094
22,1,Shopping,0.18913020333333333
25,1,bloomberg,0.3225880148150992
30,1,Ministerio de Educación,0.34249353641095903
31,1,Ministerio de Defensa,0.31524161840476195
35,1,Oficina Anticorrupción,0.3018364802165957
36,1,Patrimonio,0.3018364802165957
38,1,paro general,0.17324645013333337
43,1,Ciclista,0.36379468466666665
44,1,Zárate,0.36379468466666665
45,1,Puente Pueyrredón,0.3295867977685184
47,1,Rosario,0.37928288666666665
49,1,Paro,0.493172208
50,1,Alfredo Ábalos,0.13475060090000002
52,1,Marley,0.3310288042416666
58,1,APTRA,0.29058863451162786
59,1,Horacio Cabak,0.29058863451162786
64,1,Gino Renni,0.10792342
66,1,Asamblea General de la ONU,0.2660517315
67,1,ONU,0.2660517315
120,1,Darío Benedetto,0.047821246
122,1,Casa Rosada,0.16367947600000002
123,1,custodia policial,0.16367947600000002
124,1,Jefatura de Gabinete,0.16367947600000002
173,1,Comisión de Reforma del Código Penal,0.14477701183333333
175,1,porno venganza,0.14477701183333333
176,1,Manuel Vázquez,0.28377139025
177,1,Ricardo Jaime,0.28377139025
179,1,OCA,0.25242391135764713
183,1,Tucumán,0.23083538057407407
184,1,La Plata,0.066088151
185,1,mascota,0.066088151
186,1,Perro perdido,0.066088151
187,1,ataques,0.28864419171640615
188,1,autos quemados,0.28864419171640615
189,1,Cabify,0.28864419171640615
190,1,caza uber,0.28864419171640615
192,1,Rating,0.26492183303278694
194,1,Telefe,0.26492183303278694
195,1,#PonerleElPecho,0.36052075238000014
196,1,Araceli González,0.36052075238000014
197,1,Belu Lucius,0.36052075238000014
198,1,Brenda Gandini,0.36052075238000014
199,1,Catarina Spinettaa,0.36052075238000014
200,1,Cecilia Roth,0.36052075238000014
201,1,Connie Ansaldi,0.36052075238000014
202,1,Jazmín Stuart,0.36052075238000014
203,1,Laura Esquivel,0.36052075238000014
204,1,Magui Aicega,0.36052075238000014
205,1,Javier Naselli,0.262284312652174
206,1,Vicky Xipolitakis,0.262284312652174
172,1,Código Penal,0.14477701183333333
171,1,ministerio de la Producción,0.2194041108421053
170,1,Aranceles de importación,0.2194041108421053
149,1,Terrorismo,0.2591229046111112
127,1,El Diario de Mariana,0.23490753930769234
129,1,Intrusos,0.23490753930769234
130,1,Mariana Fabbiani,0.23490753930769234
131,1,Marina Calabró,0.23490753930769234
135,1,Catherine Fulop,0.3109323658823529
136,1,Oriana Sabatini,0.3109323658823529
138,1,Academia de Hollywood,0.24696472659677424
140,1,Luis Ortega,0.24696472659677424
141,1,Oscar 2019,0.24696472659677424
146,1,Hezbollah,0.2591229046111112
147,1,Líbano,0.2591229046111112
148,1,misiles,0.2591229046111112
152,1,Medio Oriente,0.504541845
169,1,Tigres de México,0.365000523672131
156,1,Dedé,0.09949810449999999
157,1,Esteban Andrada,0.09949810449999999
158,1,Hockey sobre césped,0.1230482605
159,1,Las Leonas,0.1230482605
160,1,luciana aymar,0.1230482605
161,1,Banfield,0.423164455
162,1,Defensa y Justicia,0.423164455
163,1,Agapornis,0.77750224
164,1,Cuarteto de nos,0.77750224
166,1,Los Cafres,0.77750224
167,1,Los Totora,0.77750224
168,1,"Nahuel Guzmán', ""Newell's"", 'Primera",0.365000523672131
380,1,Nancy Dupláa,0.1004678295
384,1,Ernesto Korovsky,0.132434593
711,1,fentanilo,0.2457425373461539
601,1,Indec. EMAE,0.107687645
604,1,Producción industrial,0.107687645
605,1,comer pizza,0.1246112785142857
607,1,gusto argentino,0.1246112785142857
608,1,Precios,0.1246112785142857
609,1,creditos UVA,0.20023087561538458
610,1,CVS,0.20023087561538458
611,1,salarios,0.20023087561538458
614,1,Ernesto Samper,0.309660515079096
615,1,José “Pepe” Mujica,0.309660515079096
617,1,Manuel Zelaya,0.309660515079096
618,1,Mujica,0.309660515079096
619,1,Rafael Correa,0.309660515079096
620,1,Gerardo Milman,0.190902663375
621,1,Ministerio de Seguridad,0.190902663375
622,1,Agustín Rossi,0.27501667971666677
623,1,fernando haddad,0.27501667971666677
624,1,Frente para la Victoria,0.27501667971666677
625,1,Juan Cabandié,0.27501667971666677
626,1,Leandro Santoro,0.27501667971666677
627,1,El drone de Infobae,0.274617302
629,1,country,0.18333786100000002
631,1,robo,0.18333786100000002
632,1,Peregrinos,0.23042723
633,1,#AdopciónMúltiple,0.10579854478823526
636,1,Salsa de tres,0.32760764552173904
637,1,Andy Kusentzoff,0.22713926731578946
638,1,Marixa Balli,0.22713926731578946
603,1,Producción automotriz,0.107687645
599,1,Julio Grondona,0.2505547235319148
559,1,movilidad urbana,0.34661923857142857
598,1,yazidíes,0.3389063122758621
561,1,Abierto de China,0.12712876820000002
562,1,Novak Djokovic,0.12712876820000002
563,1,Rafael Nadal,0.12712876820000002
564,1,Roger Federer,0.12712876820000002
570,1,DGI,0.22102330293749997
571,1,Evasión,0.22102330293749997
572,1,fiscalización,0.22102330293749997
573,1,SISA,0.22102330293749997
574,1,B20,0.15104748
575,1,Business 20,0.15104748
576,1,Amado Boudou,0.3024159784696553
579,1,Aumentos de gas,0.31646846423094355
580,1,Aeroparque Jorge Newbery,0.36803733269714284
581,1,Aeropuerto de Ezeiza,0.36803733269714284
582,1,Aerolínea,0.1746804079117647
583,1,Zaira Nara,0.2259872208333333
584,1,inmigrantes,0.14507729
585,1,Refugiados,0.14507729
586,1,América del Norte,0.2584079955
587,1,Enrique Peña Nieto,0.2584079955
590,1,ciberataques,0.25872567
592,1,Meng Hongwei,0.508669585
593,1,esclavitud sexual,0.3389063122758621
594,1,ISIS,0.3389063122758621
595,1,Nadia Murad,0.3389063122758621
596,1,Premio Nobel de la Paz,0.3389063122758621
597,1,Tráfico de personas,0.3389063122758621
641,1,Tini Stoessel,0.3076529581538462
642,1,igualdad de genero,0.36153006738356164
643,1,Fabián Cubero,0.3175881358
644,1,Mica Viciconte,0.3175881358
679,1,Unidad Médica Presidencial,0.17194955464285716
680,1,cuota alimentaria,0.3068136342812499
681,1,Divorcio,0.3068136342812499
682,1,violencia de género,0.3068136342812499
683,1,violencia psicológica,0.3068136342812499
684,1,Cry Baby,0.18091515273333333
685,1,Janis Joplin,0.18091515273333333
686,1,Angie Balbiani,0.27373395214117646
687,1,Flavio Azzaro,0.27373395214117646
688,1,sexo,0.27373395214117646
689,1,Betty Olvae,0.0835874055
690,1,El Potro,0.0835874055
691,1,Rodrigo,0.0835874055
692,1,Airbag,0.08393269
693,1,Cypress Hill,0.08393269
694,1,Personal Fest,0.08393269
695,1,Cris Morena,0.35983858143750014
696,1,"Eugenia ""la China"" Suárez",0.35983858143750014
699,1,Índice Construya,0.19410469
700,1,Empleo adolescente,0.5730824000000001
701,1,empleo en negro,0.5730824000000001
702,1,precariedad laboral,0.5730824000000001
703,1,Reforma laboral,0.5730824000000001
707,1,M.J. Akbar,0.29579642
708,1,Narendra Modi,0.29579642
709,1,Beijing,0.2457425373461539
710,1,drogas,0.2457425373461539
678,1,Unidad de Atención Presidencial,0.17194955464285716
677,1,La salud de los presidentes,0.17194955464285716
676,1,Hospital Argerich,0.17194955464285716
659,1,expensas,0.21915623
645,1,Nicole Neumann,0.3175881358
646,1,Matrimonio gay,0.5137394077027028
647,1,Rumania,0.5137394077027028
648,1,ataque terrorista en cisjordania,0.34654784511777786
649,1,Benjamin Netanyahu,0.34654784511777786
650,1,Juan Fernando Quintero,0.24355407
651,1,Sarmiento de Resistencia,0.24355407
652,1,Comité Olímpico Argentino,0.17130895
654,1,ATP,0.16385909399999998
655,1,Nikoloz Basilashvili,0.16385909399999998
656,1,tenis,0.16385909399999998
657,1,Tenis Internacional,0.16385909399999998
660,1,Crisis cambiaria,0.27863962586363633
675,1,Angelo Calcaterra,0.27462216103188114
661,1,aumento de precios,0.2238990505666666
662,1,Acuerdo II FMI,0.25321707955555556
663,1,base monetaria cero,0.25321707955555556
664,1,daniel artana,0.25321707955555556
666,1,Presupuesto 2018,0.25321707955555556
668,1,Julio Pereyra,0.23853841340338988
669,1,Marcos Peña,0.23853841340338988
670,1,Pablo Alaniz,0.23853841340338988
671,1,Leonardo Menghini,0.176450943
672,1,Lucas Menghini Rey,0.176450943
673,1,María Luján Rey,0.176450943
674,1,Once,0.176450943
560,1,vespa,0.34661923857142857
558,1,movilidad,0.34661923857142857
385,1,mi amor mi amor,0.132434593
434,1,Armas nucleares,0.1287534075
436,1,ejercicios militares,0.14804259
437,1,Noruega,0.14804259
438,1,OTAN,0.14804259
441,1,Boxeo,0.27564867213888894
442,1,Julio César Chávez Jr,0.27564867213888894
443,1,Sergio Maravilla Martínez,0.27564867213888894
445,1,inflación argentina,0.2317032163076923
447,1,exploración offshore,0.20152526240000004
448,1,exploración petrolera,0.20152526240000004
450,1,Armada Argentina,0.2466490897311322
451,1,Fragata Libertad,0.2466490897311322
454,1,Equidad salarial,0.2625140222666666
455,1,Licencias parentales,0.2625140222666666
456,1,Licencias por paternidad,0.2625140222666666
457,1,Hermenegildo Sábat,0.33616218026666667
458,1,Sábat,0.33616218026666667
459,1,Fabián Gianola,0.3132848212900619
460,1,Fernanda Meneses,0.3132848212900619
461,1,Laura Tuny,0.1763505918888889
462,1,Señorita Maestra,0.1763505918888889
463,1,vientre subrogado,0.1763505918888889
464,1,Pollo Alvarez,0.288222354
465,1,Josefina Silveyra,0.27041237129411766
468,1,Ricardo Fort,0.11745441399999998
469,1,Premio Nobel de Química,0.09053698166666668
470,1,Cisjordania,0.44396312679999994
471,1,Gaza,0.44396312679999994
435,1,Crimea,0.1287534075
433,1,premios Nobel,0.19019154149999998
556,1,Génova,0.34661923857142857
432,1,premio nobel de fisica,0.19019154149999998
386,1,Naranja y media,0.132434593
387,1,Silvina Frejdkes,0.132434593
393,1,Las Panteras,0.08569381749999999
394,1,Mundial de Vóley femenino,0.08569381749999999
395,1,Voley,0.08569381749999999
397,1,intercambio comercial,0.323686912
398,1,Mercosur,0.323686912
399,1,Cristóbal López,0.15860963896153846
400,1,Oil Combustibles,0.15860963896153846
402,1,AFIO,0.14958883679999999
404,1,Reaudación,0.14958883679999999
406,1,Mercorsur,0.15415598105714287
408,1,Juliana Awada,0.27637332740000004
409,1,w20,0.27637332740000004
410,1,Elena Highton de Nolasco,0.43862718413706303
411,1,juicio político,0.43862718413706303
413,1,Ricardo Barreda,0.3703806009359998
414,1,Colegio Nacional Buenos Aires,0.2740789482127193
416,1,ABC,0.2674154924166667
417,1,Fundación Leo Messi,0.2674154924166667
421,1,Hay que ver,0.2534822412615385
422,1,Tu amor por siempre,0.15953802796249997
423,1,Daniel Allodi,0.3156024683863635
424,1,Flavio Mendoza,0.3156024683863635
425,1,Betty Olave,0.23276505652499999
429,1,Rodrigo la pelicula,0.23276505652499999
430,1,Romina Campos Olave,0.23276505652499999
473,1,Estudiantes de la Plata,0.14363448966666664
475,1,Champions League,0.22124831444444445
476,1,Tottenham,0.22124831444444445
479,1,Khachanov,0.11207698033333334
525,1,#DerechosAnimales,0.15745570444444446
526,1,animales,0.15745570444444446
527,1,derechos de los animales,0.15745570444444446
528,1,san francisco de asís,0.15745570444444446
529,1,Acoso,0.37314422658333335
530,1,Colegio Nacional de Buenos Aires,0.37314422658333335
531,1,denuncia,0.37314422658333335
532,1,accidentes de tránsito,0.11222833266666667
534,1,Pompeya,0.11222833266666667
535,1,Transporte público,0.11222833266666667
536,1,vialidad,0.11222833266666667
537,1,Guido Süller,0.25322818090909094
538,1,Antonio Gasalla,0.11899160971428571
539,1,Carlos Paz,0.11899160971428571
540,1,Fredy Villarreal,0.11899160971428571
542,1,Paula Chaves,0.11899160971428571
543,1,Pedro Alfonso,0.11899160971428571
545,1,Marcos Orellana,0.31195073683018876
546,1,onda vaga,0.31195073683018876
547,1,Aeroparque,0.29271537285714283
548,1,Malena Sánchez,0.29271537285714283
549,1,Rodrigo Romero,0.29271537285714283
550,1,bebés,0.22847258333333334
551,1,malformaciones,0.22847258333333334
553,1,Lago Okanagam,0.17674769728148146
554,1,Monstruo Ogopogo,0.17674769728148146
555,1,Ciudades,0.34661923857142857
524,1,Tuerto Cacho,0.2427283057619047
523,1,narco,0.2427283057619047
521,1,Nicolás Pachelo,0.29870948506666667
499,1,Teté Coustarot,0.08059629383333333
480,1,Javier Pinola,0.5721710999999999
481,1,VAR,0.5721710999999999
483,1,combustibles,0.2596491811892653
486,1,Naftas,0.2596491811892653
487,1,cheques,0.21416863872727276
488,1,Empresas,0.21416863872727276
489,1,tasa de interés,0.21416863872727276
492,1,Axel Kicillof,0.30839559944915257
495,1,Palermo,0.23809899376363636
496,1,Alba Ugolini,0.08059629383333333
497,1,mal de Alzheimer,0.08059629383333333
498,1,mariano zabaleta,0.08059629383333333
500,1,Nacha Guevara,0.20742465950000002
520,1,Caso García Belsunce,0.29870948506666667
501,1,Net TV,0.22213205472154687
503,1,Pampita Íntima,0.22213205472154687
504,1,Damián Musto,0.17402387976923078
505,1,derechos de formación,0.17402387976923078
506,1,Nicolas Domingo,0.17402387976923078
508,1,Ignacio Scocco,0.275972071321739
511,1,Industria,0.77750224
515,1,escuchas ilegales,0.249530969835821
516,1,Norberto Oyarbide,0.249530969835821
517,1,La ruta del dinero K,0.2519678166666666
518,1,Sebastián Casanello,0.2519678166666666
519,1,Carlos Carrascosa,0.29870948506666667
1204,1,Esmeralda Mitre,0.3319588605679805
